"","ï..Prevalence.Estimate.Name","Rapid.Review..Study","URL","Source.Type","Country","State.Province","County","City","Sampling.Start.Date","Sampling.End.Date","Sample.Frame..groups.of.interest.","Sampling.Method","Denominator.Value","Serum.positive.prevalence","Serum.pos.prevalence..95pct.CI.Lower","Serum.pos.prevalence..95pct.CI.Upper","JBI.9","Overall.Risk.of.Bias..JBI.","Response.Rate..","RR.obtained.from.email.correspondence","Email","Notes","X","url1","start_date","region","IR_lower","IR_upper","RR","prob_sampling","sample_size","reported"
"20","200603_WuhantoUSAtravel_CDC_PassengersGenPop","200603_WuhantoUSAtravel_CDC","https://wwwnc.cdc.gov/eid/article/26/9/20-1590_article","Journal article","China","Hubei","","Wuhan","28-Jan-20","28-Jan-20","Household and community samples","Convenience","186","0.54%","","","Yes","Moderate","99.00%","","","","","https://wwwnc.cdc.gov/eid/article/26/9/20-1590_article",2020-01-28,"Other",NA,NA,99,FALSE,186,TRUE
"46","200616_Wuhan_ZhongnanHospitalofWuhanUniversity_GenPopWorkers_IgG","200616_Wuhan_ZhongnanHospitalofWuhanUniversity_2_Genpop","https://www.researchsquare.com/article/rs-99748/v1","Preprint","China","Hubei","","Wuhan","29-Feb-20","29-Apr-20","Household and community samples","Convenience","19555","4.60%","4.30%","4.90%","Unclear","Moderate","","Emailed","liutaozaiwuda@whu.edu.cn <liutaozaiwuda@whu.edu.cn>;","","","https://www.researchsquare.com/article/rs-99748/v1",2020-02-29,"Other",4.3,4.9,NA,FALSE,19555,FALSE
"113","200723_Wuhan_HubeiProvincialHospital_GenpopPopAdj","200723_Wuhan_ChineseCenterforDiseaseControlandPrevention","https://www.medrxiv.org/content/10.1101/2020.06.16.20132423v1","Preprint","China","Hubei","","Wuhan","25-Mar-20","28-Apr-20","Household and community samples","Self-referral","18712","3.27%","3.02%","3.52%","Yes","Moderate","85.50%","","","","","https://www.medrxiv.org/content/10.1101/2020.06.16.20132423v1",2020-03-25,"Other",3.02,3.52,85.5,FALSE,18712,TRUE
"120","201023_Wuhan_HuazhongUniversityofScienceandTechnology_Overall_unadj","201023_Wuhan_HuazhongUniversityofScienceandTechnology","https://dx.doi.org/10.1001/jamanetworkopen.2020.25717","Journal article","China","Hubei","","Wuhan","27-Mar-20","26-May-20","Household and community samples","Unclear","35040","3.90%","3.70%","4.10%","Unclear","High","","Emailed","lvyongman@126.com <lvyongman@126.com>;","","","https://dx.doi.org/10.1001/jamanetworkopen.2020.25717",2020-03-27,"Other",3.7,4.1,NA,NA,35040,FALSE
"125","200609_Milan_uniMilan_TotalAb","200609_Milan_UniversityofMilan","https://www.ncbi.nlm.nih.gov/pmc/articles/PMC7280100/pdf/main.pdf","Journal article","Italy","Lombardy","Milan","Milan","30-Mar-20","31-Mar-20","Household and community samples","Self-referral","197","5.60%","","","Yes","High","98.50%","","","","","https://www.ncbi.nlm.nih.gov/pmc/articles/PMC7280100/pdf/main.pdf",2020-03-30,"Europe",NA,NA,98.5,FALSE,197,TRUE
"126","201128_Netherlands_CentreforInfectiousDiseaseControl_genpop_overall","201128_Netherlands_CentreforInfectiousDiseaseControl_genpop_overall","https://dx.doi.org/10.1136/jech-2020-215678","Journal article","Netherlands","","","","31-Mar-20","11-May-20","Household and community samples","Stratified probability","2637","2.80%","2.10%","3.70%","Unclear","Low","","Emailed","fiona.van.der.klis@rivm.nl <fiona.van.der.klis@rivm.nl>;","","","https://dx.doi.org/10.1136/jech-2020-215678",2020-03-31,"Europe",2.1,3.7,NA,TRUE,2637,FALSE
"131","200602_Gangelt_UniversityofBonn_ GenPopUnadj_TestAdj_IgG","200602_Gangelt_UniversityofBonn","https://www.medrxiv.org/content/10.1101/2020.05.04.20090076v1","Preprint","Germany","Heinsberg","","Gangelt","31-Mar-20","06-Apr-20","Household and community samples","Simplified probability","919","14.11%","11.15%","17.27%","Yes","Low","91.30%","","","","","https://www.medrxiv.org/content/10.1101/2020.05.04.20090076v1",2020-03-31,"Europe",11.15,17.27,91.3,TRUE,919,TRUE
"141","20 1222_Brazzaville_FondationCongolaisePourLaRechercheMÃ©dicale_GenPop_Overall","201222_Brazzaville_FondationCongolaisePourLaRechercheMÃ©dicale","https://dx.doi.org/10.1016/j.ijid.2020.12.065","Preprint","Congo","","","Brazzaville","01-Apr-20","31-Jul-20","Household and community samples","Self-referral","754","19.70%","","","Unclear","High","","Emailed","fntoumi@fcrm-congo.com <fntoumi@fcrm-congo.com>;","","","https://dx.doi.org/10.1016/j.ijid.2020.12.065",2020-04-01,"Other",NA,NA,NA,FALSE,754,FALSE
"149","200702_Stockhom_KTHRoyalInstituteofTechnology_genpop","200702_Stockholm_KTHRoyalInstituteofTechnology","https://www.medrxiv.org/content/10.1101/2020.07.01.20143966v1","Preprint","Sweden","Uppland","","Stockholm","01-Apr-20","21-May-20","Household and community samples","Simplified probability","878","5.40%","","","No","Moderate","43.90%","","","","","https://www.medrxiv.org/content/10.1101/2020.07.01.20143966v1",2020-04-01,"Europe",NA,NA,43.9,TRUE,878,TRUE
"153","200426_Guilan_GuilanUniversity_GenPop_PopAdj","200426_Guilan_GuilanUniversity","https://www.medrxiv.org/content/10.1101/2020.04.26.20079244v1","Preprint","Iran (Islamic Republic of)","Guilan","Anzali, Astara, Lahijan, Rudbar, Rasht","","01-Apr-20","30-Apr-20","Household and community samples","Stratified probability","528","21.00%","14.00%","29.00%","Yes","Moderate","95.80%","","","","","https://www.medrxiv.org/content/10.1101/2020.04.26.20079244v1",2020-04-01,"Other",14,29,95.8,TRUE,528,TRUE
"158","201222_Vienna_MedicalUniversityofVienna_overall","201222_Vienna_MedicalUniversityofVienna","10.1101/2020.12.22.20248604","Preprint","Austria","","","Vienna","02-Apr-20","17-Apr-20","Household and community samples","Convenience","1655","10.15%","","","Unclear","High","","Emailed","tuliodna@gmail.com ","","","10.1101/2020.12.22.20248604",2020-04-02,"Europe",NA,NA,NA,FALSE,1655,FALSE
"162","200430_SantaClaraCounty_UniversityofStanford_GenPop_UnAdj","200430_SantaClaraCounty_UniversityofStanford","https://www.medrxiv.org/content/10.1101/2020.04.14.20062463v2","Preprint","United States of America","California","Santa Clara Valley","","03-Apr-20","04-Apr-20","Household and community samples","Stratified probability","3330","1.50%","1.10%","2.00%","Unclear","High","81.2%.","Emailed","ebd@stanford.edu <ebd@stanford.edu>;","","","https://www.medrxiv.org/content/10.1101/2020.04.14.20062463v2",2020-04-03,"US",1.1,2,81.2,TRUE,3330,FALSE
"193","200518_LosAngelesCounty_StanfordUniversity_GenPopWeighted_TestAdj","200518_LosAngelesCounty_StanfordUniversity","https://jamanetwork.com/journals/jama/fullarticle/2766367","Journal article","United States of America","California","Los Angeles County","","10-Apr-20","14-Apr-20","Household and community samples","Stratified probability","863","4.65%","2.52%","7.07%","No","Moderate","50.90%","","","","","https://jamanetwork.com/journals/jama/fullarticle/2766367",2020-04-10,"US",2.52,7.07,50.9,TRUE,863,TRUE
"195","201221_Guilan_TehranUniversityofMedicalSciences_overall","201221_Guilan_TehranUniversityofMedicalSciences","https://dx.doi.org/10.3201/eid2702.201960","Journal article","Iran (Islamic Republic of)","Guilan","","","11-Apr-20","19-Apr-20","Household and community samples","Stratified probability","528","22.20%","16.40%","28.50%","Unclear","Low","90%","Submitted","Mohammad Ali Mansournia","","","https://dx.doi.org/10.3201/eid2702.201960",2020-04-11,"Other",16.4,28.5,90,TRUE,528,FALSE
"196","200708_RioGrandeDoSul_UniversidadeFederalDePelotas_Round1_GenPop","200708_RioGrandeDeSul_UniversidadeFederalDePelotas_Round1","https://www.nature.com/articles/s41591-020-0992-3","Journal article","Brazil","Rio Grande do Sul","","Ijui, Passo Fundo, Caxias, Canoas, Porto Alegre, Pelotas, Santa Maria, Santa Cruz do Sul, Uruguaiana","11-Apr-20","13-Apr-20","Household and community samples","Stratified probability","4151","0.05%","0.01%","0.17%","Yes","Low","92.20%","","","","","https://www.nature.com/articles/s41591-020-0992-3",2020-04-11,"Other",0.01,0.17,92.2,TRUE,4151,TRUE
"223","201202_DominicanRepublic_UniversidadIberoamericana_genpop_IgG","201202_DominicanRepublic_UniversidadIberoamericana","https://dx.doi.org/10.4269/ajtmh.20-0907","Journal article","Dominican Republic","","","","15-Apr-20","15-Jun-20","Household and community samples","Simplified probability","12897","5.50%","","","Unclear","High","n/a-Does not want to comment","Emailed","r.paulino1@unibe.edu.do","","","https://dx.doi.org/10.4269/ajtmh.20-0907",2020-04-15,"Other",NA,NA,NA,TRUE,12897,FALSE
"225","200518_Luxembourg_LuxembourgInstituteofHealth_GenPop_IgGPopAdj","200518_Luxembourg_LuxembourgInstituteofHealth","https://www.medrxiv.org/content/10.1101/2020.05.11.20092916v1","Preprint","Luxembourg","","","","15-Apr-20","05-May-20","Household and community samples","Stratified probability","1820","2.09%","1.37%","2.82%","Unclear","Moderate","","Emailed","rejko.krueger@lih.lu <rejko.krueger@lih.lu>;","","","https://www.medrxiv.org/content/10.1101/2020.05.11.20092916v1",2020-04-15,"Europe",1.37,2.82,NA,TRUE,1820,FALSE
"226","200923_Beijing_PekingUniversity_Overall","200923_Beijing_PekingUniversity","https://www.medrxiv.org/content/10.1101/2020.09.23.20197756v1","Preprint","China","Hebei","","Beijing","15-Apr-20","18-Apr-20","Household and community samples","Stratified probability","2184","0.17%","","","Unclear","Moderate","","Emailed","bjcdcxm@126.com <bjcdcxm@126.com>;","","","https://www.medrxiv.org/content/10.1101/2020.09.23.20197756v1",2020-04-15,"Other",NA,NA,NA,TRUE,2184,FALSE
"236","201228_Karachi_AgaKhanUniversity_Phase1DistrictMalir_PopTestAdj","201228_Karachi_AgaKhanUniversity_Phase1District Malir","https://www.medrxiv.org/content/10.1101/2020.07.28.20163451v4.full.pdf","Preprint","Pakistan","Sindh","","Karachi","15-Apr-20","25-Apr-20","Household and community samples","Simplified probability","500","0.20%","0.00%","0.70%","No","Low","56%","","","Complicated","","https://www.medrxiv.org/content/10.1101/2020.07.28.20163451v4.full.pdf",2020-04-15,"Other",0,0.7,56,TRUE,500,TRUE
"248","200506_Atlanta_GeorgiaStateUniversity_GeneralPop_IgG","200506_Atlanta_GeorgiaStateUniversity","https://www.medrxiv.org/content/10.1101/2020.05.01.20087478v1","Preprint","United States of America","Georgia","Fulton, DeKalb","Atlanta","17-Apr-20","27-Apr-20","Household and community samples","Convenience","127","2.36%","","","Unclear","High","100%","Emailed","agewirtz@gsu.edu <agewirtz@gsu.edu>;","restates that it was not a random study population","","https://www.medrxiv.org/content/10.1101/2020.05.01.20087478v1",2020-04-17,"US",NA,NA,100,FALSE,127,FALSE
"253","201215_Iran_TehranUniversityofMedicalSciences_GenPop1_overall_PopTestAdj","201215_Iran_TehranUniversityofMedicalSciences_GenPop1","http://dx.doi.org/10.1016/S1473-3099%2820%2930858-6","Journal article","Iran (Islamic Republic of)","","","Ahvaz, Ardabil, Babol , Esfahan , Gorgan, Hamedan, Kerman, Kermanshah, Mashhad, Qom, Rasht, Sanandaj, Sari, Shiraz, Tabriz, Tehran, Urmia, Zahedan","17-Apr-20","02-Jun-20","Household and community samples","Stratified probability","3530","17.10%","14.60%","19.50%","Yes","Low","96.90%","","","8902Â included in the study, divided between high risk occupations (5372) and GP (3530)/9181","","http://dx.doi.org/10.1016/S1473-3099%2820%2930858-6",2020-04-17,"Other",14.6,19.5,96.9,TRUE,3530,TRUE
"257","201031_VillaCaldari_IstitutoZooprofilatticoSperimentaleDellâ€™AbruzzoEdelMoliseG.Caporale_Overall","201031_VillaCaldari_IstitutoZooprofilatticoSperimentaleDellâ€™AbruzzoEdelMoliseGCaporale","https://dx.doi.org/10.3390/microorganisms8111711","Journal article","Italy","Abruzzo","Chieti","Villa Caldari","18-Apr-20","19-Apr-20","Household and community samples","Entire sample","687","10.90%","8.80%","13.50%","Yes","Moderate","71.70%","","","","","https://dx.doi.org/10.3390/microorganisms8111711",2020-04-18,"Europe",8.8,13.5,71.7,FALSE,687,TRUE
"258","200617_NewYork_StateUniversityofNewYork_GeneralPopTestPopAdj","200617_NewYork_NewYorkStateDepartmentofHealth","https://dx.doi.org/10.1016/j.annepidem.2020.06.004","Journal article","United States of America","New York","","","19-Apr-20","28-Apr-20","Household and community samples","Convenience","15101","14.00%","13.30%","14.70%","Unclear","Moderate","Convenience, N/a","Emailed","erosenberg2@albany.edu <erosenberg2@albany.edu>;","","","https://dx.doi.org/10.1016/j.annepidem.2020.06.004",2020-04-19,"US",13.3,14.7,NA,FALSE,15101,FALSE
"259","200703_Teresina_CentrodeOperaÃ§ÃµesdeEmergÃªnciasemSaÃºdePÃºblica_Apr19","200703_Teresina_ CentrodeOperaÃ§ÃµesdeEmergÃªnciasemSaÃºdePÃºblica_1_Apr19","https://dx.doi.org/10.1590/0037-8682-0351-2020","Journal article","Brazil","Piaui","","Teresina","19-Apr-20","19-Apr-20","Household and community samples","Stratified probability","900","0.56%","0.18%","1.30%","Unclear","Moderate","","Emailed","marceloadrianoneuro@gmail.com <marceloadrianoneuro@gmail.com>;","","","https://dx.doi.org/10.1590/0037-8682-0351-2020",2020-04-19,"Other",0.18,1.3,NA,TRUE,900,FALSE
"261","200815_Bolinas_UniversityofCaliforniaSanFrancisto_AbbottElisaBolinasResidents","200815_Bolinas_UniversityofCaliforniaSanFrancisco","https://www.medrxiv.org/content/10.1101/2020.08.15.20175786v1","Preprint","United States of America","California","Marin County","Bolinas","20-Apr-20","24-Apr-20","Household and community samples","Self-referral","1312","0.16%","0.02%","0.46%","Unclear","High","80%","Emailed","Ayesha.appa@ucsf.edu <Ayesha.appa@ucsf.edu>;","population estimates by Census and ACS were changing quite a bit, it was hard to know exactly how reliable this was, but our participation rate was somewhere between 80-100%!","","https://www.medrxiv.org/content/10.1101/2020.08.15.20175786v1",2020-04-20,"US",0.02,0.46,80,FALSE,1312,FALSE
"265","200622_Rostock_UniversitÃ¤tsmedizinRostock_Mothers_IgGorIgA","200622_Rostock_UniversitÃ¤tsmedizinRostock","https://www.thieme-connect.de/products/ejournals/abstract/10.1055/a-1197-4293","Journal article","Germany","Mecklenburg-Westpomerania","","Rostock","20-Apr-20","22-Apr-20","Household and community samples","Self-referral","401","2.99%","","","Unclear","High","","Emailed","emil.reisinger@uni-rostock.de <emil.reisinger@uni-rostock.de>;","","","https://www.thieme-connect.de/products/ejournals/abstract/10.1055/a-1197-4293",2020-04-20,"Europe",NA,NA,NA,FALSE,401,FALSE
"266","200721_Tokyo_NavitasClinicTachikawa_Overall","200721_Tokyo_NavitasClinicTachikawa","https://www.medrxiv.org/content/10.1101/2020.06.03.20121020v1, https://dx.doi.org/10.1177/2150132720942695","Preprint","Japan","Kanto, ChÅ«bu ","","Tokyo, Kangawa, Saitama, Chiba, Yamanashi","20-Apr-20","20-May-20","Household and community samples","Self-referral","1071","3.83%","2.76%","5.16%","Unclear","High","","Emailed","takita-ygc@umin.ac.jp <takita-ygc@umin.ac.jp>;","","","https://dx.doi.org/10.1177/2150132720942695",2020-04-20,"Other",2.76,5.16,NA,FALSE,1071,FALSE
"280","200911_Barcelona_SardenyaPrimaryHealthCareCenter_Overall","200911_Barcelona_SardenyaPrimaryHealthCareCenter_Asymptomatic","http://dx.doi.org/10.1093/fampra/cmaa096","Journal article","Spain","Catalonia","","Barcelona","21-Apr-20","24-Apr-20","Household and community samples","Stratified probability","311","5.47%","3.44%","8.58%","No","High","52.00%","","","","","http://dx.doi.org/10.1093/fampra/cmaa096",2020-04-21,"Europe",3.44,8.58,52,TRUE,311,TRUE
"281","200822_Ischgl_MedicalUniversityofInnsbruck_GenPop","200822_Ischgl_MedicalUniversityofInnsbruck","https://www.medrxiv.org/content/10.1101/2020.08.20.20178533v1","Preprint","Austria","Tyrol","","Ischgl","21-Apr-20","27-Apr-20","Household and community samples","Entire sample","1473","42.40%","39.80%","44.70%","Yes","Moderate","82.7% adult, 63.5 pediatric","","","","","https://www.medrxiv.org/content/10.1101/2020.08.20.20178533v1",2020-04-21,"Europe",39.8,44.7,82.7,FALSE,1473,TRUE
"292","201013_AddisAbaba_MinistryOfHealthEthiopia_TestAdj_PopUnAdj","201013_AddisAbaba_MinistryOfHealthEthiopia","https://www.biorxiv.org/content/10.1101/2020.10.13.337287v1","Preprint","Ethiopia","","Oromia Region","Addis Ababa","23-Apr-20","28-Apr-20","Household and community samples","Simplified probability","301","8.80%","5.50%","11.60%","Unclear","Moderate","","Emailed","adamuaddissie@gmail.com <adamuaddissie@gmail.com>;","","","https://www.biorxiv.org/content/10.1101/2020.10.13.337287v1",2020-04-23,"Other",5.5,11.6,NA,TRUE,301,FALSE
"293","201129_Lima_INS_unadj","201129_Lima_INS","https://www.medrxiv.org/content/10.1101/2020.09.06.20189456v2","Preprint","Peru","Lima","Metropolitan Lima","Lima","23-Apr-20","02-May-20","Household and community samples","Stratified non-probability","236","53.00%","","","Unclear","Moderate","","Emailed","yangulobazan@gmail.com <yangulobazan@gmail.com>;","","","https://www.medrxiv.org/content/10.1101/2020.09.06.20189456v2",2020-04-23,"Other",NA,NA,NA,FALSE,236,FALSE
"305","200818_SanFrancisco_UniversityofCaliforniaSanFrancisco","200818_SanFrancisco_UniversityofCaliforniaSanFrancisco","http://dx.doi.org/10.1093/cid/ciaa1234","Journal article","United States of America","California","San Francisco","San Francisco","25-Apr-20","28-Apr-20","Household and community samples","Self-referral","3861","3.40%","2.90%","4.10%","Unclear","High","","Emailed","gabriel.chamie@ucsf.edu <gabriel.chamie@ucsf.edu>;","","","http://dx.doi.org/10.1093/cid/ciaa1234",2020-04-25,"US",2.9,4.1,NA,FALSE,3861,FALSE
"316","200901_Iceland_deCODEGenetics_OverallPopAdj","200901_Iceland_deCODEGenetics","http://dx.doi.org/10.1056/NEJMoa2026116","Journal article","Iceland","","","","27-Apr-20","12-Jun-20","Household and community samples","Convenience","23452","0.30%","","","Unclear","Low","76.70%","Emailed","kstefans@decode.is","","","http://dx.doi.org/10.1056/NEJMoa2026116",2020-04-27,"Europe",NA,NA,76.7,FALSE,23452,FALSE
"324","201004_SEEngland_Kingâ€™sCollegeLondon","201004_SEEngland_Kingâ€™sCollegeLondon","http://dx.doi.org/10.1016/j.jinf.2020.10.011","Journal article","The United Kingdom","South East England","","","27-Apr-20","02-Jun-20","Household and community samples","Unclear","431","12.00%","9.10%","15.20%","No","High","48.20%","","","","","http://dx.doi.org/10.1016/j.jinf.2020.10.011",2020-04-27,"Europe",9.1,15.2,48.2,NA,431,TRUE
"325","200727_ FaroeIslands_TheFaroeseHospitalSystem_GenPop_TestAdj","200727_ FaroeIslands_TheFaroeseHospitalSystem","http://dx.doi.org/10.3201/eid2611.202736","Journal article","Faroe Islands","Faroe Islands","","","27-Apr-20","01-May-20","Household and community samples","Simplified probability","1075","0.70%","","","Yes","Low","71.70%","","","","","http://dx.doi.org/10.3201/eid2611.202736",2020-04-27,"Europe",NA,NA,71.7,TRUE,1075,TRUE
"326","200706_Spain_InstituteofHealthCarlosIII_GeneralPopulation_ImmunoAssay","200706_Spain_InstituteofHealthCarlosIII","https://www.thelancet.com/journals/lancet/article/PIIS0140-6736(20)31483-5/fulltext","Journal article","Spain","","","","27-Apr-20","11-May-20","Household and community samples","Stratified probability","51958","4.60%","4.30%","5.00%","Yes","Low","75.10%","","","","","https://www.thelancet.com/journals/lancet/article/PIIS0140-6736(20)31483-5/fulltext",2020-04-27,"Europe",4.3,5,75.1,TRUE,51958,TRUE
"330","200724_DeKalbFulton_CDCCOVID-19ResponseTeam_Overall_PopAdj","200724_DeKalbFulton_CDCCOVID-19ResponseTeam","https://dx.doi.org/10.15585/mmwr.mm6929e2","Journal article","United States of America","Georgia","DeKalb, Fulton","","28-Apr-20","03-May-20","Household and community samples","Stratified probability","696","2.50%","1.40%","4.50%","Unclear","Low","","Emailed","xdc6@cdc.gov <xdc6@cdc.gov>;","","","https://dx.doi.org/10.15585/mmwr.mm6929e2",2020-04-28,"US",1.4,4.5,NA,TRUE,696,FALSE
"334","200629_Crepy-en-Valois_PasteurInstitute_Overall","200629_Crepy-en-Valois_PasteurInstitute","https://www.medrxiv.org/content/10.1101/2020.06.25.20140178v2","Preprint","France","Hauts-de-France","Oise","Crepy-en-Valois","28-Apr-20","30-Apr-20","Household and community samples","Convenience","1340","10.40%","","","No","Moderate","53.50%","","","","","https://www.medrxiv.org/content/10.1101/2020.06.25.20140178v2",2020-04-28,"Europe",NA,NA,53.5,FALSE,1340,TRUE
"339","201013_PimaCounty_UniversityofArizona_Overall","201013_PimaCounty_UniversityofArizona","http://dx.doi.org/10.1016/j.immuni.2020.10.004","Journal article","United States of America","Arizona","Pima County","","30-Apr-20","07-May-20","Household and community samples","Self-referral","5882","1.24%","","","Unclear","High","Complex-N/A","Emailed","nikolich@arizona.edu;","opened a web-based signup where the first x number of people in a few different categories (healthcare workers, frontline responders, students, general public) were able to register","","http://dx.doi.org/10.1016/j.immuni.2020.10.004",2020-04-30,"US",NA,NA,NA,FALSE,5882,FALSE
"346","200715_Ecuador_TheAtahualpaProject_Overall","200715_Ecuador_TheAtahualpaProject","https://dx.doi.org/10.1007/s10900-020-00887-9","Journal article","Ecuador","El Oro","","Paccha","01-May-20","31-May-20","Household and community samples","Convenience","319","44.20%","","","Unclear","High","","Emailed","oscardelbrutto@hotmail.com <oscardelbrutto@hotmail.com>;","","","https://dx.doi.org/10.1007/s10900-020-00887-9",2020-05-01,"Other",NA,NA,NA,FALSE,319,FALSE
"355","200717_Hungary_SemmelweisUniversity__GenPop_PopAdj","200717_Hungary_SemmelweisUniversity","https://dx.doi.org/10.1007/s11357-020-00226-9","Journal article","Hungary","","","","01-May-20","16-May-20","Household and community samples","Stratified probability","10474","0.68%","0.50%","0.86%","No","Moderate","58.80%","","","","","https://dx.doi.org/10.1007/s11357-020-00226-9",2020-05-01,"Europe",0.5,0.86,58.8,TRUE,10474,TRUE
"359","201006_Brazil_FederalUniversityofSergipe_genpop_IgG","201006_Brazil_FederalUniversityofSergipe","https://www.ncbi.nlm.nih.gov/pmc/articles/PMC7541966/","Journal article","Brazil","Sergipe","","Aracaju, SimÃ£o Dias, Itabaiana, Itabaianinha, Nossa Senhora do, SÃ£o CristÃ³vÃ£o, EstÃ¢ncia, Lagarto, Tobias Barreto, Nossa Senhora da GlÃ³ria","02-May-20","09-May-20","Household and community samples","Convenience","2635","8.30%","7.20%","9.40%","Unclear","High","","Emailed","makson_gbo@hotmail.com <makson_gbo@hotmail.com>;","","","https://www.ncbi.nlm.nih.gov/pmc/articles/PMC7541966/",2020-05-02,"Other",7.2,9.4,NA,FALSE,2635,FALSE
"374","200717_Switzerland_UniversityofLausanne_GenPop_LuminexAssay","200717_Switzerland_UniversityofLausanne","https://www.medrxiv.org/content/10.1101/2020.07.14.20153536v1","Preprint","Switzerland","Vaud","","","04-May-20","27-Jun-20","Household and community samples","Simplified probability","311","6.40%","","","Unclear","High","","Emailed","giuseppe.pantaleo@chuv.ch <giuseppe.pantaleo@chuv.ch>;","","","https://www.medrxiv.org/content/10.1101/2020.07.14.20153536v1",2020-05-04,"Europe",NA,NA,NA,TRUE,311,FALSE
"379","200629_SaoPaulo_UniversidadedeSaoPaulo_GenPopulation","200629_SaoPaulo_UniversidadedeSaoPaulo","http://medrxiv.org/cgi/content/short/2020.06.29.20142331","Preprint","Brazil","SÃ£o Paulo","","SÃ£o Paulo","04-May-20","12-May-20","Household and community samples","Simplified probability","517","4.70%","3.00%","6.60%","No","Moderate","38.50%","","","","","http://medrxiv.org/cgi/content/short/2020.06.29.20142331",2020-05-04,"Other",3,6.6,38.5,TRUE,517,TRUE
"381","200918_France_ParisUniversity_Overall","200918_France_ParisUniversity","https://www.medrxiv.org/content/10.1101/2020.09.16.20195693v1","Preprint","France","","","","04-May-20","23-Jun-20","Household and community samples","Simplified probability","14628","6.72%","","","No","Moderate","91.40%","","","","","https://www.medrxiv.org/content/10.1101/2020.09.16.20195693v1",2020-05-04,"Europe",NA,NA,91.4,TRUE,14628,TRUE
"382","201127_Utah_UniversityOfUtah_GenPop_testadj_popadj","201127_Utah_UniversityOfUtah","https://www.medrxiv.org/content/10.1101/2020.10.26.20219907v1","Preprint","United States of America","Utah","Utah, Salt Lake, Davis, and Summit","","04-May-20","30-Jun-20","Household and community samples","Stratified probability","8108","0.80%","0.10%","1.60%","No","Moderate","20.00%","","","Households","8,108 individuals/5,125 households completed,of those, 5,791 individual participants were in the combined home visit and mailed recruitment frame, 2,317 were in the mailed recruitment only","https://www.medrxiv.org/content/10.1101/2020.10.26.20219907v1",2020-05-04,"US",0.1,1.6,20,TRUE,8108,TRUE
"387","200721_Idaho_UniversityofWashington_TotalPopTestAdj","200721_Idaho_UniversityofWashington","https://www.medrxiv.org/content/10.1101/2020.07.19.20157198v1","Preprint","United States of America","Idaho","Blaine","","04-May-20","19-May-20","Household and community samples","Self-referral","917","23.10%","19.80%","26.50%","Yes","Moderate","88.80%","","","","","https://www.medrxiv.org/content/10.1101/2020.07.19.20157198v1",2020-05-04,"US",19.8,26.5,88.8,FALSE,917,TRUE
"388","201204_Andorra_ISGlobal_Overall","201204_Andorra_ISGlobal","https://www.researchsquare.com/article/rs-119323/v1","Preprint","Andorra","","","","04-May-20","28-May-20","Household and community samples","Self-referral","70494","11.00%","","","Yes","Moderate","92.70%","","","","","https://www.researchsquare.com/article/rs-119323/v1",2020-05-04,"Europe",NA,NA,92.7,FALSE,70494,TRUE
"391","201127_Trento_AziendaProvincialeperiServiziSanitari_OverallAdj","201127_Trento_AziendaProvincialeperiServiziSanitari","https://dx.doi.org/10.1016/j.cmi.2020.11.013","Journal article","Italy","Trento","","","05-May-20","15-May-20","Household and community samples","Entire sample","6075","25.70%","","","Yes","Low","84.60%","","","","","https://dx.doi.org/10.1016/j.cmi.2020.11.013",2020-05-05,"Europe",NA,NA,84.6,FALSE,6075,TRUE
"415","200917_India_MinistryofHealth&FamilyWelfare_OverallPopAdj","200917_India_MinistryofHealth&FamilyWelfare","http://dx.doi.org/10.4103/ijmr.IJMR_3290_20","Journal article","India","","","","11-May-20","04-Jun-20","Household and community samples","Stratified probability","28000","0.64%","0.30%","0.99%","Yes","Low","86.9 to 95.9","","","Ranged from '86.9 to 95.9' in different strata","","http://dx.doi.org/10.4103/ijmr.IJMR_3290_20",2020-05-11,"Other",0.3,0.99,92.38,TRUE,28000,TRUE
"420","200911_UnitedStates_ClinicalReferenceLaboratories_Overall","200911_UnitedStates_ClinicalReferenceLaboratories","https://www.medrxiv.org/content/10.1101/2020.09.09.20191296v1","Preprint","United States of America","","","","12-May-20","25-Jun-20","Household and community samples","Convenience","50025","3.00%","","","No","High","N/a","","Upon further review, the sample frame while labeled as household and communtity was more akin to blood serum and blood bank practices ","convenience sample from a pool of life insurance applicants who had blood tests performed as part of life insurance underwriting","","https://www.medrxiv.org/content/10.1101/2020.09.09.20191296v1",2020-05-12,"US",NA,NA,NA,FALSE,50025,TRUE
"421","200717_Ilm-Kreis_JenaUniversityHospital_Overall","200717_Ilm-Kreis_JenaUniversityHospital","https://www.medrxiv.org/content/10.1101/2020.07.15.20154112v1","Preprint","Germany","Thuringia"," Ilm-Kreis","","12-May-20","22-May-20","Household and community samples","Entire sample","620","8.39%","","","Yes","Moderate","71.0%","","","","","https://www.medrxiv.org/content/10.1101/2020.07.15.20154112v1",2020-05-12,"Europe",NA,NA,71,FALSE,620,TRUE
"423","200616_Brazil_SecretariadeEstadodaSauÌ<81>dedoEspiÌ<81>ritoSanto_GenPopUrban","200616_Brazil_SecretariadeEstadodaSauÌ<81>dedoEspiÌ<81>ritoSanto_1_Urban","https://www.medrxiv.org/content/10.1101/2020.06.13.20130559v1.full.pdf","Preprint","Brazil","EspiÌ<81>rito Santo","","","13-May-20","15-May-20","Household and community samples","Stratified probability","4612","2.10%","1.67%","2.52%","Unclear","Moderate","","Emailed","cristcher@gmail.com","","","https://www.medrxiv.org/content/10.1101/2020.06.13.20130559v1.full.pdf",2020-05-13,"Other",1.67,2.52,NA,TRUE,4612,FALSE
"428","201111_NeustadtAmRennsteig_FriedrichSchillerUniversity_Overall","201111_NeustadtAmRennsteig_FriedrichSchillerUniversity","https://dx.doi.org/10.1016/j.cmi.2020.11.009","Journal article","Germany","Thuringia","","","13-May-20","16-May-20","Household and community samples","Self-referral","620","8.40%","","","Yes","Moderate","70.20%","","","","","https://dx.doi.org/10.1016/j.cmi.2020.11.009",2020-05-13,"Europe",NA,NA,70.2,FALSE,620,TRUE
"433","201026_Brazil_UniversidadeFederaldePelotas_General","201026_Brazil_UniversidadeFederaldePelotas","https://dx.doi.org/10.26633/RPSP.2020.135","Journal article","Brazil","","","","14-May-20","24-Jun-20","Household and community samples","Stratified probability","89362","2.31%","","","No","Moderate","54%","","","3 waves-54.4%, 52.6%, 55.6%","","https://dx.doi.org/10.26633/RPSP.2020.135",2020-05-14,"Other",NA,NA,54,TRUE,89362,TRUE
"441","200922_Wuhan_WuhanUniversity_IgM/IgG","200922_Wuhan_WuhanUniversity","https://dx.doi.org/10.1016/j.cmi.2020.09.044","Journal article","China","Hubei","Wuchang District","Wuhan","15-May-20","26-May-20","Household and community samples","Stratified probability","61437","2.39%","2.27%","2.52%","Unclear","Low","","Emailed","chzs1990@163.com <chzs1990@163.com>; yuanyf1971@whu.edu.cn <yuanyf1971@whu.edu.cn>; liyirong838@163.com <liyirong838@163.com>;","","","https://dx.doi.org/10.1016/j.cmi.2020.09.044",2020-05-15,"Other",2.27,2.52,NA,TRUE,61437,FALSE
"454","210125_Canada_UniversityofToronto_Phase1_Overall_Popdj_sp","210125_Canada_UniversityofToronto_Phase1","https://papers.ssrn.com/sol3/papers.cfm?abstract_id=3752659","Preprint","Canada","Ontario, British Columbia, Yukon, Quebec, Alberta, Saskatchewan, Manitoba, Northwest Territories, New Brunswick, Newfoundland and Labrador, Nova Scotia, Prince Edward Island","","","15-May-20","15-Jun-20","Household and community samples","Stratified non-probability","7068","1.70%","","","Yes","Moderate","73%","","","","","https://papers.ssrn.com/sol3/papers.cfm?abstract_id=3752659",2020-05-15,"Other",NA,NA,73,FALSE,7068,TRUE
"458","200919_Castiglioned'Adda_UniversityofMilan_Overall","200919_Castiglionedâ€™Adda_UniversityofMilan","https://dx.doi.org/10.1016/j.jinf.2020.09.021","Journal article","Italy","Lombardy","","Castiglione Dâ€™Adda","18-May-20","07-Jun-20","Household and community samples","Stratified probability","509","22.60%","17.20%","29.10%","Unclear","Moderate","90.60%","Emailed","gabriele.pagani@unimi.it <gabriele.pagani@unimi.it>;","","","https://dx.doi.org/10.1016/j.jinf.2020.09.021",2020-05-18,"Europe",17.2,29.1,90.6,TRUE,509,FALSE
"459","200828_CastiglioneD'Adda_UniversitadegliStudidiMilano_overall","200828_CastiglioneD'Adda_UniversitadegliStudidiMilano","https://www.medrxiv.org/content/10.1101/2020.06.24.20138875v1.full.pdf","Preprint","Italy","Lombardy","Lodi","Castiglione Dâ€™Adda","18-May-20","07-Jun-20","Household and community samples","Stratified probability","509","22.60%","17.20%","29.10%","Unclear","Moderate","90.60%","Emailed","gabriele.pagani@unimi.it","","","https://www.medrxiv.org/content/10.1101/2020.06.24.20138875v1.full.pdf",2020-05-18,"Europe",17.2,29.1,90.6,TRUE,509,FALSE
"461","200918_Tbilisi_InfectiousDiseaseResearchCenter_Total_PopTestAdj","200918_Tbilisi_InfectiousDiseaseResearchCenter","https://www.medrxiv.org/content/10.1101/2020.09.18.20195024v1","Preprint","Georgia","Tbilisi","","Tbilisi","18-May-20","27-May-20","Household and community samples","Convenience","1086","1.02%","0.38%","2.18%","Unclear","Low","","Emailed","nc@aidscenter.ge <nc@aidscenter.ge>;","","","https://www.medrxiv.org/content/10.1101/2020.09.18.20195024v1",2020-05-18,"Europe",0.38,2.18,NA,FALSE,1086,FALSE
"473","201126_Kupferzell_RobertKochInstitute_OverallAdj","201126_Kupferzell_RobertKochInstitute","https://dx.doi.org/10.2807/1560-7917.ES.2020.25.47.2001752","Journal article","Germany","Baden-Wurttemberg","Stuttgart","Kupferzell","20-May-20","09-Jun-20","Household and community samples","Simplified probability","2203","12.00%","10.40%","14.00%","Yes","Low","62.40%","","","","","https://dx.doi.org/10.2807/1560-7917.ES.2020.25.47.2001752",2020-05-20,"Europe",10.4,14,62.4,TRUE,2203,TRUE
"476","201212_Bavaria_UniversityofRegensburg_overall","201212_Bavaria_UniversityofRegensburg","https://www.authorea.com/users/382535/articles/498454-coronavirus-antibody-screening-identifies-children-with-mild-to-moderate-courses-of-pmis","Preprint","Germany","Bavaria","","","22-May-20","22-Jul-20","Household and community samples","Convenience","2832","5.70%","","","Yes","Moderate","96.50%","","","Overall, 2934 children participated in the study of whom 2906 were tested successfully with at least one of the two applied antibody tests and 2832","","https://www.authorea.com/users/382535/articles/498454-coronavirus-antibody-screening-identifies-children-with-mild-to-moderate-courses-of-pmis",2020-05-22,"Europe",NA,NA,96.5,FALSE,2832,TRUE
"479","201101_ Borgosesia_ASLVercelli_overall","201101_ Borgosesia_ASLVercelli","https://dx.doi.org/10.19191/EP20.5-6.S2.119","Journal article","Italy","Piedmont","","Borgosesia","23-May-20","24-May-20","Household and community samples","Self-referral","4987","4.90%","4.33%","5.55%","No","High","44.50%","","","","","https://dx.doi.org/10.19191/EP20.5-6.S2.119",2020-05-23,"Europe",4.33,5.55,44.5,FALSE,4987,TRUE
"490","200727_Atahualpa_UniversidadPeruanaCayetanoHeredia_RuralOver40_Overall","200727_Atahualpa_UniversidadPeruanaCayetanoHeredia","http://dx.doi.org/10.1093/cid/ciaa1055","Journal article","Ecuador","El Oro","Atahualpa","","25-May-20","31-May-20","Household and community samples","Entire sample","673","45.00%","","","Yes","High","92.30%","","","","","http://dx.doi.org/10.1093/cid/ciaa1055",2020-05-25,"Other",NA,NA,92.3,FALSE,673,TRUE
"508","200916_Lajeado_UniversidadedoValedodoTaquari_Survey1","200916_Lajeado_UniversidadedoValedoTaquari_Study1","http://dx.doi.org/10.1016/j.ijid.2020.09.028","Journal article","Brazil","Rio Grande do Sul","","Lajeado","30-May-20","04-Jun-20","Household and community samples","Stratified probability","1450","4.03%","3.08%","5.18%","Yes","Moderate","96.70%","","","","","http://dx.doi.org/10.1016/j.ijid.2020.09.028",2020-05-30,"Other",3.08,5.18,96.7,TRUE,1450,TRUE
"525","201104_Austria_DanubePrivateUniversity_IgG_Overall","201104_Austria_DanubePrivateUniversity","https://www.medrxiv.org/content/10.1101/2020.11.03.20219121v1","Preprint","Austria","","WeiÃŸenkirchen","WeiÃŸenkirchen, St. Michael, WÃ¶sendorf, Joching","01-Jun-20","15-Jun-20","Household and community samples","Entire sample","835","8.50%","","","No","High","47.00%","","","","","https://www.medrxiv.org/content/10.1101/2020.11.03.20219121v1",2020-06-01,"Europe",NA,NA,47,FALSE,835,TRUE
"536","201129_Connecticut_YaleSchoolOfMedicine_Overall_Adjusted","201129_Connecticut_YaleSchoolOfMedicine","http://dx.doi.org/10.1016/j.amjmed.2020.09.024","Journal article","United States of America","Connecticut","","","04-Jun-20","23-Jun-20","Household and community samples","Simplified probability","567","4.00%","2.00%","6.00%","Yes","Moderate","77.10%","","","","","http://dx.doi.org/10.1016/j.amjmed.2020.09.024",2020-06-04,"US",2,6,77.1,TRUE,567,TRUE
"559","200726_UtsunomiyaCity_TokyoMedicalandDentalUniversity_genpop_popadj","200726_UtsunomiyaCity_TokyoMedicalandDentalUniversity","https://www.medrxiv.org/content/10.1101/2020.07.20.20155945v1","Preprint","Japan","KantÅ<8d> region","Tochigi","Utsunomiya City","14-Jun-20","05-Jul-20","Household and community samples","Simplified probability","742","1.23%","0.17%","1.23%","No","Moderate","32.40%","","","","","https://www.medrxiv.org/content/10.1101/2020.07.20.20155945v1",2020-06-14,"Other",0.17,1.23,32.4,TRUE,742,TRUE
"575","200902_Palestine_ArabAmericanUniversityRandomPop","200902_Palestine_ArabAmericanUniversity","https://www.medrxiv.org/content/10.1101/2020.08.28.20180083v3","Preprint","occupied Palestinian territory, including east Jerusalem","West Bank","","","15-Jun-20","30-Jun-20","Household and community samples","Stratified probability","1355","0.00%","0.00%","0.00%","Yes","High","97.10%","","","","","https://www.medrxiv.org/content/10.1101/2020.08.28.20180083v3",2020-06-15,"Other",0,0,97.1,TRUE,1355,TRUE
"579","201222_Zurich_UniversityofZurich_OverallAdj","201222_Zurich_UniversityofZurich","https://www.medrxiv.org/content/10.1101/2020.12.19.20248513v1","Preprint","Switzerland","Canton of Zurich","","Zurich","16-Jun-20","19-Nov-20","Household and community samples","Stratified probability","2507","7.80%","6.20%","9.50%","No","Low","24.40%","","","","","https://www.medrxiv.org/content/10.1101/2020.12.19.20248513v1",2020-06-16,"Europe",6.2,9.5,24.4,TRUE,2507,TRUE
"580","200811_Stockholm_UppsalaUniversity_DjurgaÌŠrdsstaden_TotalAbpositive","200811_Stockholm_UppsalaUniversity_1_djurg","https://dx.doi.org/10.1080/20008686.2020.1806505","Journal article","Sweden","SÃ¶dermanland, Uppland","","Stockholm","17-Jun-20","18-Jun-20","Household and community samples","Simplified probability","123","4.10%","0.60%","7.60%","Unclear","High","","Emailed","ake.lundkvist@imbim.uu.se <ake.lundkvist@imbim.uu.se>;","","","https://dx.doi.org/10.1080/20008686.2020.1806505",2020-06-17,"Europe",0.6,7.6,NA,TRUE,123,FALSE
"586","200821_England_ImperialCollegeLondon_Overall_PopAdj","200821_England_ImperialCollegeLondon","https://www.medrxiv.org/content/10.1101/2020.08.12.20173690v2","Preprint","The United Kingdom","England","","","20-Jun-20","13-Jul-20","Household and community samples","Stratified probability","99908","6.00%","5.80%","6.10%","Yes","Low","83.30%","","","","","https://www.medrxiv.org/content/10.1101/2020.08.12.20173690v2",2020-06-20,"Europe",5.8,6.1,83.3,TRUE,99908,TRUE
"589","200812_Brazil_UniversidadeFederaldePelotas_Overall","200812_Brazil_UniversidadeFederaldePelotas_Round3","https://www.medrxiv.org/content/10.1101/2020.08.10.20171942v1","Preprint","Brazil","","","","21-Jun-20","24-Jun-20","Household and community samples","Stratified probability","31869","2.70%","","","Yes","Moderate","95.90%","","","","","https://www.medrxiv.org/content/10.1101/2020.08.10.20171942v1",2020-06-21,"Other",NA,NA,95.9,TRUE,31869,TRUE
"597","201118_Chicago_NorthwesternUniversity_Overall","201118_Chicago_NorthwesternUniversity","https://www.medrxiv.org/content/10.1101/2020.11.17.20233452v1","Preprint","United States of America","Illinois","Cook County","Chicago","24-Jun-20","06-Sep-20","Household and community samples","Convenience","1545","19.80%","","","Unclear","High","85%","Emailed","alexis.demonbreun@northwestern.edu; elizabeth.mcnally@northwestern.edu","","","https://www.medrxiv.org/content/10.1101/2020.11.17.20233452v1",2020-06-24,"US",NA,NA,85,FALSE,1545,FALSE
"601","200805_Niger_IbrahimBadamasiBabangidaUniversity_IgG_GenPop_UnAdj","200805_Niger_IbrahimBadamasiBabangidaUniversity","https://www.medrxiv.org/content/10.1101/2020.08.04.20168112v1.full.pdf","Preprint","Nigeria","Niger State","","","26-Jun-20","30-Jun-20","Household and community samples","Stratified probability","185","25.41%","","","Unclear","Moderate","","Email was undeliverable","husssainimajiya@ibbul.edu.ng","","","https://www.medrxiv.org/content/10.1101/2020.08.04.20168112v1.full.pdf",2020-06-26,"Other",NA,NA,NA,TRUE,185,FALSE
"602","200922_Delhi_NationalCenterforDiseaseControlIndia_Survey1_PopAdj","200922_Delhi_NationalCentreforDiseaseControlIndia_Survey1","https://www.researchsquare.com/article/rs-80259/v1","Preprint","India","Delhi","","New Delhi","26-Jun-20","10-Jul-20","Household and community samples","Unclear","21387","23.48%","22.96%","24.01%","Unclear","Unclear","N/a","Emailed","drsdeynew@gmail.com","did not conduct study,studied the results of two studies conducted by the Government of the National Capital Territory of Delhi on the same population","","https://www.researchsquare.com/article/rs-80259/v1",2020-06-26,"Other",22.96,24.01,NA,NA,21387,FALSE
"607","201113_Mumbai_TataInstituteforFundamentalResearch_nonslums_adj","201113_Mumbai_TataInstituteforFundamentalResearch_NonSlums","http://dx.doi.org/10.1016/S2214-109X%2820%2930467-8","Journal article","India","","","Mumbai","29-Jun-20","19-Jul-20","Household and community samples","Stratified probability","2702","17.10%","15.80%","18.40%","Unclear","Low","","Emailed","ullas@tifr.res.in","","","http://dx.doi.org/10.1016/S2214-109X%2820%2930467-8",2020-06-29,"Other",15.8,18.4,NA,TRUE,2702,FALSE
"621","201222_Wisconsin_UniversityofWisconsin_WaveI_overall_popadj","201222_Wisconsin_UniversityofWisconsin_WaveI","https://doi.org/10.1101/2020.12.18.20248479","Preprint","United States of America","Wisconsin","","","01-Jul-20","31-Aug-20","Household and community samples","Stratified probability","996","1.60%","0.60%","2.50%","No","Moderate","40.00%","","","","","https://doi.org/10.1101/2020.12.18.20248479",2020-07-01,"US",0.6,2.5,40,TRUE,996,TRUE
"630","201012_OrangeCounty_UniversityofCaliforniaIrvine_OverallPopAdj","201012_OrangeCounty_UniversityofCaliforniaIrvine","https://www.medrxiv.org/content/10.1101/2020.10.07.20208660v1","Preprint","United States of America","California","Orange County","","10-Jul-20","16-Aug-20","Household and community samples","Stratified probability","2979","11.50%","10.50%","12.40%","Unclear","Low","","Emailed","tim.bruckner@uci.edu ","","","https://www.medrxiv.org/content/10.1101/2020.10.07.20208660v1",2020-07-10,"US",10.5,12.4,NA,TRUE,2979,FALSE
"639","201023_BatonRouge_OchsnerClinicFoundation_Overall_Popadj","201023_BatonRouge_LouisianaStateUniversity","https://dx.doi.org/10.3201/eid2701.203808","Journal article","United States of America","Louisiana","East Baton Rouge","Baton Rouge","15-Jul-20","31-Jul-20","Household and community samples","Stratified probability","2138","3.60%","2.80%","4.40%","Yes","Moderate","92.60%","","","","","https://dx.doi.org/10.3201/eid2701.203808",2020-07-15,"US",2.8,4.4,92.6,TRUE,2138,TRUE
"640","201130_PuneCity_IndianInstituteOfScienceEducationAndResearch_OverallAdj","201130_PuneCity_IndianInstituteOfScienceEducationAndResearch","https://www.medrxiv.org/content/10.1101/2020.11.17.20228155v2.full-text","Preprint","India","Maharashtra","","Pune","20-Jul-20","05-Aug-20","Household and community samples","Stratified probability","1659","51.30%","39.90%","62.40%","Yes","Low","79.50%","","","","","https://www.medrxiv.org/content/10.1101/2020.11.17.20228155v2.full-text",2020-07-20,"Other",39.9,62.4,79.5,TRUE,1659,TRUE
"645","200901_Maranhao_FederalUniversityOfMaranhao_Overall_Popadj","200901_Maranhao_FederalUniversityOfMaranhao","https://www.medrxiv.org/content/10.1101/2020.08.28.20180463v1","Preprint","Brazil","Maranhao","","","27-Jul-20","08-Aug-20","Household and community samples","Stratified probability","3156","40.40%","35.60%","45.30%","Yes","Moderate","80.60%","","","","","https://www.medrxiv.org/content/10.1101/2020.08.28.20180463v1",2020-07-27,"Other",35.6,45.3,80.6,TRUE,3156,TRUE
"652","201013_Odisha_ICMR-RMRC_genpop","201013_Odisha_ICMR-RMRC_genpop","https://www.medrxiv.org/node/100529.external-links.html","Preprint","India","Odisha",NA,"Bhubaneswar, Berhampur or Rourkela","01-Aug-20","31-Aug-20","Household and community samples","Stratified probability","4146","20.78%","19.56%","22.05%","No","High","17.40%","","","","","https://www.medrxiv.org/node/100529.external-links.html",2020-08-01,"Other",19.56,22.05,17.4,TRUE,4146,TRUE
"654","201112_Monteria_UniversidaddeCÃ³rdoba_GenPopAdj","201112_Monteria_UniversidaddeCÃ³rdoba","https://dx.doi.org/10.1093/ofid/ofaa550","Journal article","Colombia","Caribbean Region","CÃ³rdoba","Monteria","04-Aug-20","01-Sep-20","Household and community samples","Stratified probability","1368","55.30%","52.50%","57.80%","Unclear","Moderate","N/a","Emailed","smattar@correo.unicordoba.edu.co <smattar@correo.unicordoba.edu.co>;","Did not want to provide clarification","","https://dx.doi.org/10.1093/ofid/ofaa550",2020-08-04,"Other",52.5,57.8,NA,TRUE,1368,FALSE
"658","201203_Edmonton_UniversityofAlberta_Children","201203_Edmonton_UniversityofAlberta","https://poseidon01.ssrn.com/delivery.php?ID=579098091025087124113094013092119126025046084059055038121105001063029013061117127066089088099029120125126127122027092067006090071077064116068026070083111035094021057114045098065076072116064007032059100097072054064094007027094015098095104082088098074069111094090004070124099079094007105068078&EXT=pdf&INDEX=TRUE","Preprint","Canada","Alberta","","Edmonton","14-Aug-20","23-Oct-20","Household and community samples","Convenience","565","1.60%","","","Unclear","High","","Emailed","mandhane@ualberta.ca <mandhane@ualberta.ca>;","","","https://poseidon01.ssrn.com/delivery.php?ID=579098091025087124113094013092119126025046084059055038121105001063029013061117127066089088099029120125126127122027092067006090071077064116068026070083111035094021057114045098065076072116064007032059100097072054064094007027094015098095104082088098074069111094090004070124099079094007105068078&EXT=pdf&INDEX=TRUE",2020-08-14,"Other",NA,NA,NA,FALSE,565,FALSE
"668","201211_Karnatka_IndianInstituteofPublicHealth_primary_adj","201211_Karnataka_IndianInstituteofPublicHealth","https://www.medrxiv.org/content/10.1101/2020.12.04.20243949v1.full","Preprint","India","Karnatka","","","03-Sep-20","16-Sep-20","Household and community samples","Stratified non-probability","15624","16.40%","15.10%","17.70%","Unclear","Moderate","","Emailed","epigiridhar@gmail.com <epigiridhar@gmail.com>;","","","https://www.medrxiv.org/content/10.1101/2020.12.04.20243949v1.full",2020-09-03,"Other",15.1,17.7,NA,FALSE,15624,FALSE
"671","201130_DrDYPatilMedicalCollege_Pimpri-Chinchwad_DashboardPrimary","201130_DrDYPatilMedicalCollege_Pimpri-Chinchwad","https://papers.ssrn.com/sol3/papers.cfm?abstract_id=3729394","Preprint","India","Maharashtra","","Pune ","07-Oct-20","17-Oct-21","Household and community samples","Stratified probability","5000","34.04%","31.30%","36.80%","No","Moderate","Complex","","","Page 5","","https://papers.ssrn.com/sol3/papers.cfm?abstract_id=3729394",2020-10-07,"Other",31.3,36.8,NA,TRUE,5000,TRUE
"685","210109_GiglioIsland_UniversitÃ degliStudidiMilano","210109_GiglioIsland_UniversitÃ degliStudidiMilano","https://www.medrxiv.org/content/10.1101/2021.01.08.20248948v1","Preprint","Italy","Tuscany","Grosseto","Giglio Island","29-Apr-20","03-May-20","Household and community samples","Self-referral","723","0.41%","","","Yes","High","84.80%","","","","","https://www.medrxiv.org/content/10.1101/2021.01.08.20248948v1",2020-04-29,"Europe",NA,NA,84.8,FALSE,723,TRUE
"687","200918_Zurich_UniversityofZurich_AdultSampleOverall","200918_Zurich_University of Zurich_Adults","https://www.medrxiv.org/content/10.1101/2020.09.18.20191254v1","Preprint","Switzerland","Canton of Zurich","","Zurich","16-Jun-20","09-Jul-20","Household and community samples","Simplified probability","577","3.30%","1.40%","5.50%","Unclear","Moderate","29.00%","Emailed","susi.kriemlerwiget@uzh.ch <susi.kriemlerwiget@uzh.ch>;","","","https://www.medrxiv.org/content/10.1101/2020.09.18.20191254v1",2020-06-16,"Europe",1.4,5.5,29,TRUE,577,FALSE
"688","201027_England_ImperialCollegeLondon_SamplingPeriod1_TotalAdj","201027_England_ImperialCollegeLondon_SamplingPeriod1","10.1101/2020.10.26.20219725","Preprint","The United Kingdom","","","","20-Jun-20","13-Jul-20","Household and community samples","Simplified probability","99908","5.96%","5.78%","6.14%","Unclear","Moderate","","Emailed","roy.anderson@imperial.ac.uk","","","10.1101/2020.10.26.20219725",2020-06-20,"Europe",5.78,6.14,NA,TRUE,99908,FALSE
